{"0": [[0.4697980284690857, 0.011256882920861244, 0.2776523232460022, 166.96022033691406, 3.0104737281799316, 87.0277328491211, -1], [0.5138617157936096, -0.04185342416167259, 0.20703932642936707, 172.65313720703125, 0.7529151439666748, 86.19683837890625, -1], [0.5137895345687866, -0.041937313973903656, 0.20625361800193787, 175.27122497558594, 5.581870079040527, 129.38050842285156, -1], [0.5256538391113281, -0.03636561334133148, 0.06138584017753601, -179.02420043945312, 3.6225335597991943, 129.233154296875, -1], [0.5256545543670654, -0.03636657074093819, 0.06138590723276138, -179.0242462158203, 3.6226518154144287, 129.2330780029297, 1]], "1": [[0.43723005056381226, 0.03428366780281067, 0.25124597549438477, 168.92898559570312, 1.1350828409194946, 85.15898895263672, -1], [0.4661605954170227, -0.0429217629134655, 0.12447483837604523, 174.3279266357422, 5.402470111846924, 80.65342712402344, -1], [0.5082480311393738, -0.04297880828380585, 0.11262442916631699, -175.77593994140625, 9.307209968566895, 136.70858764648438, -1], [0.5045819282531738, -0.04233412444591522, 0.05684049427509308, -174.6449432373047, 6.75335168838501, 137.04727172851562, -1], [0.5045813918113708, -0.04233858734369278, 0.05684075504541397, -174.64480590820312, 6.7534356117248535, 137.04684448242188, 1]], "2": [[0.47258177399635315, 0.0069758472964167595, 0.2741786241531372, 165.2353973388672, 3.7604291439056396, 89.92957305908203, -1], [0.49080947041511536, -0.04032207652926445, 0.11458813399076462, 175.73573303222656, 8.382376670837402, 93.23741149902344, -1], [0.5066559910774231, -0.04122506082057953, 0.11166947335004807, 179.7302703857422, 11.339539527893066, 131.44654846191406, -1], [0.5219179391860962, -0.0328495129942894, 0.061365365982055664, 177.42416381835938, 8.265565872192383, 128.64794921875, -1], [0.5219189524650574, -0.032849960029125214, 0.06136617809534073, 177.42413330078125, 8.265724182128906, 128.64801025390625, 1]], "3": [[0.475423663854599, 0.03506804257631302, 0.2522563934326172, 165.31149291992188, 2.5896542072296143, 88.97431945800781, -1], [0.45011427998542786, -0.024742791429162025, 0.17725789546966553, 165.30108642578125, 2.577866792678833, 88.96905517578125, -1], [0.45396044850349426, -0.020313939079642296, 0.1780928671360016, 168.45974731445312, -10.482301712036133, 41.306419372558594, -1], [0.5100221633911133, -0.02523288130760193, 0.051019035279750824, 165.6360626220703, 2.086306571960449, 41.563114166259766, -1], [0.5100224614143372, -0.025233011692762375, 0.05101923644542694, 165.6360321044922, 2.0862820148468018, 41.56306457519531, 1]]}