{"0": [[0.44861093163490295, 0.045655641704797745, 0.24993084371089935, 167.75315856933594, 0.2907492518424988, 87.72981262207031, -1], [0.4531560242176056, 0.04278607666492462, 0.15500766038894653, 173.3416748046875, 12.508566856384277, 92.21051788330078, -1], [0.5062391757965088, -0.04255153238773346, 0.11708002537488937, 172.7487030029297, -3.0787060260772705, 92.15859985351562, -1], [0.5100825428962708, -0.05608763545751572, 0.11705528944730759, 173.80931091308594, 4.955051422119141, 132.98440551757812, -1], [0.5115825533866882, -0.04435517266392708, 0.05912059545516968, 175.33413696289062, 3.454981565475464, 130.69078063964844, -1], [0.5115825533866882, -0.04435530677437782, 0.059120647609233856, 175.33413696289062, 3.454989433288574, 130.69076538085938, 1]], "1": [[0.4562346935272217, 0.04978770762681961, 0.27722275257110596, 169.7777099609375, 3.736969232559204, 86.381103515625, -1], [0.5180559158325195, -0.0631454586982727, 0.11704365909099579, 169.82339477539062, 3.2382612228393555, 86.39007568359375, -1], [0.4989890158176422, -0.05960388109087944, 0.09339309483766556, -179.70167541503906, 7.195149898529053, 137.98411560058594, -1], [0.5022124648094177, -0.05420155078172684, 0.05490703135728836, -179.38934326171875, 6.388086795806885, 135.72650146484375, -1], [0.5022133588790894, -0.054201677441596985, 0.054907530546188354, -179.3894805908203, 6.388147354125977, 135.7263946533203, 1]], "2": [[0.479646235704422, 0.0218025092035532, 0.27871617674827576, 168.88328552246094, 0.9235623478889465, 88.63709259033203, -1], [0.48164722323417664, 0.0034535895101726055, 0.2597777843475342, 171.64443969726562, -5.023447036743164, 40.17478942871094, -1], [0.4897020757198334, -0.010642443783581257, 0.18252623081207275, 169.30130004882812, 3.3014795780181885, 40.337196350097656, -1], [0.5143217444419861, -0.03491793945431709, 0.056863054633140564, 163.41403198242188, 5.685659408569336, 40.82002639770508, -1], [0.5143251419067383, -0.03491780161857605, 0.05686488002538681, 163.4137420654297, 5.685420036315918, 40.82018280029297, 1]], "3": [[0.4962269961833954, 0.043240707367658615, 0.2869499921798706, 165.82635498046875, 1.2827610969543457, 86.22709655761719, -1], [0.48201775550842285, -0.04373270645737648, 0.11012604832649231, 167.24777221679688, 1.0055828094482422, 87.01649475097656, -1], [0.5037709474563599, -0.024636514484882355, 0.09633142501115799, 172.0379180908203, -13.118887901306152, 35.06156539916992, -1], [0.5179033279418945, -0.042424701154232025, 0.05195610970258713, 168.90780639648438, -6.3779616355896, 39.143043518066406, -1], [0.5179033875465393, -0.042424678802490234, 0.051956355571746826, 168.90780639648438, -6.377962589263916, 39.14308166503906, 1]]}