{"0": [[0.4282594621181488, 0.045568231493234634, 0.264803409576416, 165.1426239013672, 1.3551477193832397, 87.49552917480469, -1], [0.48831164836883545, -0.02918684482574463, 0.1541021168231964, -179.62249755859375, 14.136527061462402, 131.66525268554688, -1], [0.5050763487815857, -0.04002750292420387, 0.08174413442611694, 176.89891052246094, 8.966618537902832, 130.7059783935547, -1], [0.5016722679138184, -0.04532685503363609, 0.053353458642959595, 177.78346252441406, 7.458013534545898, 130.10556030273438, -1], [0.5016719102859497, -0.04533088579773903, 0.0533539280295372, 177.7836456298828, 7.458161354064941, 130.105224609375, 1]], "1": [[0.4648898243904114, 0.012191446498036385, 0.28540557622909546, 168.10113525390625, 0.9723569750785828, 86.91094207763672, -1], [0.4813592731952667, -0.052987899631261826, 0.1627391278743744, 168.27127075195312, -2.424743175506592, 86.90567779541016, -1], [0.4784775674343109, -0.06617282330989838, 0.16048839688301086, 171.63514709472656, 7.447303295135498, 124.87982177734375, -1], [0.5089124441146851, -0.0377717949450016, 0.05514131486415863, 176.60227966308594, 6.896247386932373, 128.19256591796875, -1], [0.5089124441146851, -0.03777163103222847, 0.05514132231473923, 176.6022186279297, 6.896228790283203, 128.19244384765625, 1]], "2": [[0.46011051535606384, 0.004527997225522995, 0.29971587657928467, 167.29339599609375, 4.480064392089844, 89.36837005615234, -1], [0.464667946100235, 0.014381958171725273, 0.3001266121864319, 170.48280334472656, -10.104674339294434, 33.01201629638672, -1], [0.48674315214157104, 0.00940730795264244, 0.1512923389673233, 163.18475341796875, 5.431891441345215, 34.21242904663086, -1], [0.5123053789138794, -0.02846808172762394, 0.06492287665605545, 172.05599975585938, -0.9346963763237, 34.57860565185547, -1], [0.5107582807540894, -0.02649768441915512, 0.06490088999271393, 172.0575714111328, -0.9324586391448975, 34.58251190185547, 1]], "3": [[0.4591130316257477, 0.017991093918681145, 0.2732964754104614, 169.91648864746094, 1.249570608139038, 86.8497543334961, -1], [0.451792448759079, -0.081767737865448, 0.2636064291000366, 170.98898315429688, 2.584041118621826, 74.43108367919922, -1], [0.4993729591369629, -0.035017140209674835, 0.0969880074262619, 174.22242736816406, 4.533635139465332, 66.30783081054688, -1], [0.5028874278068542, -0.03696244955062866, 0.09655267745256424, 172.97702026367188, 1.926220178604126, 48.32826614379883, -1], [0.5173901915550232, -0.031007934361696243, 0.06786061078310013, 172.0806427001953, 1.616422414779663, 47.095977783203125, -1], [0.5173906087875366, -0.031008049845695496, 0.06786076724529266, 172.0806121826172, 1.616402506828308, 47.09598922729492, 1]]}